[
  {
    "id": 11092006,
    "nombre": "torta ahogada",
    "precio": 89.99,
    "descripcion": ""
  },
  {
    "id": 11092005,
    "nombre": "quesadilla",
    "precio": 60.34,
    "descripcion": ""
  },
  {
    "id": 11092004,
    "nombre": "tacos al pastor",
    "precio": 90.0,
    "descripcion": ""
  },
  {
    "id": 11092003,
    "nombre": "entomatadas",
    "precio": 90.0,
    "descripcion": ""
  },
  {
    "id": 11092002,
    "nombre": "chilaquiles",
    "precio": 120.0,
    "descripcion": ""
  },
  {
    "id": 11092007,
    "nombre": "enchiladas",
    "precio": 202.0,
    "descripcion": ""
  },
  {
    "id": 11092009,
    "nombre": "pozole",
    "precio": 129.0,
    "descripcion": ""
  },
  {
    "id": 20062007,
    "nombre": "Chiles en Nogada",
    "precio": 150.0,
    "descripcion": ""
  },
  {
    "id": 11092010,
    "nombre": "aguachile",
    "precio": 100.0,
    "descripcion": ""
  },
  {
    "id": 11092011,
    "nombre": "mole poblano",
    "precio": 340.0,
    "descripcion": ""
  },
  {
    "id": 11092012,
    "nombre": "flautas",
    "precio": 80.0,
    "descripcion": ""
  }
]